sherlock-holmes-a-game-of-shadows;0.8818393
sherlock-holmes;0.8818393
captain-america-civil-war;0.26832977
due-date;0.26832977
zodiac;0.26832977
home-for-the-holidays;0.26832977
avengers-age-of-ultron;0.26832977
tropic-thunder;0.26832977
gothika;0.26832977
us-marshals;0.26832977
a-scanner-darkly;0.26832977
iron-man-2;0.26832977
air-america;0.26832977
chef;0.26832977
chaplin;0.26832977
the-singing-detective;0.26832977
iron-man;0.26832977
iron-man-3;0.26832977
kiss-kiss-bang-bang;0.26832977
the-soloist;0.26832977
spider-man-homecoming;0.26832977
mean-girls;0.09910322
the-talented-mr-ripley;0.09910322
about-time;0.09910322
morning-glory;0.09910322
the-time-travelers-wife;0.09910322
men-of-honor;0.09910322
to-the-wonder;0.09910322
all-the-kings-men;0.09910322
state-of-play;0.09910322
repo-men;0.09910322
the-holiday;0.09910322
the-vow;0.09910322
the-hot-chick;0.09910322
the-grand-budapest-hotel;0.09910322
alfie;0.09910322
black-sea;0.09910322
vocateur-the-morton-downey-jr-movie;0.09910322
doctor-strange;0.09910322
artificial-intelligence-ai;0.09910322
lemony-snickets-a-series-of-unfortunate-events;0.09910322
my-blueberry-nights;0.09910322
wedding-crashers;0.09910322
aloha;0.09910322
red-eye;0.09910322
existenz;0.09910322
sky-captain-and-the-world-of-tomorrow;0.09910322
the-notebook;0.09910322
southpaw-2015;0.09910322
enemy-at-the-gates;0.09910322
