pirates-of-the-caribbean-the-curse-of-the-black-pearl;0.9870514
pirates-of-the-caribbean-at-worlds-end;0.7856241
pirates-of-the-caribbean-dead-mans-chest;0.7856241
pirates-of-the-caribbean-dead-men-tell-no-tales;0.6704277
ned-kelly;0.43004268
bend-it-like-beckham;0.2642635
dead-man;0.09910322
domino;0.09910322
the-book-thief;0.09910322
the-jacket;0.09910322
house-on-haunted-hill;0.09910322
king-arthur;0.09910322
the-astronauts-wife;0.09910322
blow;0.09910322
laggies;0.09910322
edward-scissorhands;0.09910322
london-boulevard;0.09910322
very-annie-mary;0.09910322
black-mass;0.09910322
jack-ryan-shadow-recruit;0.09910322
ed-wood;0.09910322
alice-in-wonderland;0.09910322
the-hobbit-the-battle-of-the-five-armies;0.09910322
evita;0.09910322
don-juan-demarco;0.09910322
charlie-and-the-chocolate-factory;0.09910322
for-no-good-reason;0.09910322
elizabethtown;0.09910322
de-lovely;0.09910322
into-the-woods;0.09910322
kingdom-of-heaven;0.09910322
tomorrow-never-dies;0.09910322
shakespeare-in-love;0.09910322
corpse-bride;0.09910322
the-source;0.09910322
the-ninth-gate;0.09910322
sleepy-hollow;0.09910322
the-salvation;0.09910322
seeking-a-friend-for-the-end-of-the-world;0.09910322
sweeney-todd-the-demon-barber-of-fleet-street;0.09910322
once-upon-a-time-in-mexico;0.09910322
rango;0.09910322
brazil;0.09910322
gods-of-egypt;0.09910322
benny-joon;0.09910322
fear-and-loathing-in-las-vegas;0.09910322
lone-ranger;0.09910322
pride-prejudice;0.09910322
the-imitation-game;0.09910322
public-enemies;0.09910322
